City_ID,City,Country,Date,Lat,Lng,Max Temp,Humidity,Cloudiness,Wind Speed
0,Ilulissat,GL,2021-09-20 01:50:44,69.2167,-51.1,15.85,70,100,6.71
1,Lamlash,GB,2021-09-20 01:50:45,55.5336,-5.1296,48.27,90,0,1.52
2,Cape Town,ZA,2021-09-20 01:46:51,-33.9258,18.4232,58.87,82,75,1.01
3,Lichuan,CN,2021-09-20 01:50:47,30.3,108.85,68.83,68,1,2.59
4,Alofi,NU,2021-09-20 01:50:48,-19.0595,-169.9187,82.29,69,2,6.91
5,Acapulco,MX,2021-09-20 01:46:13,16.8634,-99.8901,79.75,82,46,2.68
6,Road Town,VG,2021-09-20 01:46:14,18.4167,-64.6167,80.69,74,2,14.92
7,Ushuaia,AR,2021-09-20 01:50:51,-54.8,-68.3,40.66,75,75,16.11
8,Qaanaaq,GL,2021-09-20 01:50:52,77.484,-69.3632,10.62,82,19,7.45
9,Garden City,US,2021-09-20 01:50:53,42.3256,-83.331,70.99,64,40,4.61
10,Severo-Kurilsk,RU,2021-09-20 01:50:54,50.6789,156.125,51.82,75,53,17.18
11,Lebu,CL,2021-09-20 01:50:56,-37.6167,-73.65,47.64,82,0,15.28
12,Thompson,CA,2021-09-20 01:50:57,55.7435,-97.8558,53.76,82,90,12.66
13,Thinadhoo,MV,2021-09-20 01:50:58,0.5333,72.9333,83.57,70,92,6.46
14,Busselton,AU,2021-09-20 01:50:59,-33.65,115.3333,56.05,57,0,13.98
15,Puerto Ayora,EC,2021-09-20 01:48:30,-0.7393,-90.3518,68.56,93,44,4.0
16,Saint-Philippe,RE,2021-09-20 01:51:01,-21.3585,55.7679,63.99,79,30,11.7
17,Abha,SA,2021-09-20 01:51:04,18.2164,42.5053,64.22,27,0,0.0
18,Fairbanks,US,2021-09-20 01:47:15,64.8378,-147.7164,50.59,61,20,2.3
19,Hilo,US,2021-09-20 01:51:06,19.7297,-155.09,82.27,76,90,6.91
20,Castro,BR,2021-09-20 01:51:07,-24.7911,-50.0119,65.91,86,100,2.93
21,Kavieng,PG,2021-09-20 01:51:08,-2.5744,150.7967,84.34,69,99,6.17
22,Grindavik,IS,2021-09-20 01:51:09,63.8424,-22.4338,51.75,100,90,19.57
23,Albany,US,2021-09-20 01:51:10,42.6001,-73.9662,58.53,86,0,2.84
24,Tiksi,RU,2021-09-20 01:51:11,71.6872,128.8694,34.86,70,88,19.08
25,Hermanus,ZA,2021-09-20 01:51:12,-34.4187,19.2345,55.9,78,27,15.64
26,Yellowknife,CA,2021-09-20 01:51:13,62.456,-114.3525,46.92,71,40,5.75
27,Izhma,RU,2021-09-20 01:51:14,65.0083,53.9113,39.33,65,100,9.95
28,Tuktoyaktuk,CA,2021-09-20 01:51:15,69.4541,-133.0374,44.6,53,20,14.97
29,Nikolskoye,RU,2021-09-20 01:51:16,59.7035,30.7861,40.89,82,100,8.75
30,Mataura,NZ,2021-09-20 01:51:17,-46.1927,168.8643,57.2,59,98,8.43
31,Kapaa,US,2021-09-20 01:51:18,22.0752,-159.319,80.92,73,75,3.0
32,Dingle,PH,2021-09-20 01:51:19,10.9995,122.6711,83.17,77,87,4.45
33,Cabedelo,BR,2021-09-20 01:51:20,-6.9811,-34.8339,74.07,76,59,13.15
34,Zyryanka,RU,2021-09-20 01:51:21,65.75,150.85,30.0,91,100,16.22
35,Kedrovyy,RU,2021-09-20 01:51:22,56.1667,91.8167,46.81,77,98,9.89
36,Korla,CN,2021-09-20 01:51:23,41.7597,86.1469,78.49,19,0,3.65
37,Guapiles,CR,2021-09-20 01:51:25,10.2159,-83.7866,79.74,92,98,2.73
38,Saskylakh,RU,2021-09-20 01:46:57,71.9167,114.0833,31.77,84,100,8.3
39,Atuona,PF,2021-09-20 01:51:26,-9.8,-139.0333,78.28,75,13,21.63
40,Cairns,AU,2021-09-20 01:51:14,-16.9167,145.7667,84.07,51,90,13.8
41,Kaitangata,NZ,2021-09-20 01:51:29,-46.2817,169.8464,58.86,52,99,4.07
42,Clyde River,CA,2021-09-20 01:51:30,70.4692,-68.5914,28.62,61,83,2.01
43,San Carlos De Bariloche,AR,2021-09-20 01:50:29,-41.1456,-71.3082,40.75,65,0,12.66
44,Geraldton,AU,2021-09-20 01:51:33,-28.7667,114.6,70.21,46,0,21.85
45,Tasiilaq,GL,2021-09-20 01:51:34,65.6145,-37.6368,23.81,70,35,4.23
46,Rikitea,PF,2021-09-20 01:51:36,-23.1203,-134.9692,74.01,76,10,12.03
47,Ponta Do Sol,PT,2021-09-20 01:51:38,32.6667,-17.1,72.23,74,55,6.11
48,Kalianget,ID,2021-09-20 01:51:39,-7.05,113.9333,83.84,59,52,6.85
49,Aklavik,CA,2021-09-20 01:51:40,68.2191,-135.0107,47.23,54,9,4.99
50,Henties Bay,NA,2021-09-20 01:51:41,-22.116,14.2845,51.85,91,1,7.36
51,Victoria,HK,2021-09-20 01:48:28,22.2855,114.1577,90.97,82,11,5.95
52,Kanigoro,ID,2021-09-20 01:51:43,-8.13,112.219,83.03,59,67,11.14
53,New Norfolk,AU,2021-09-20 01:51:44,-42.7826,147.0587,53.71,66,64,8.01
54,Kattivakkam,IN,2021-09-20 01:51:45,13.2167,80.3167,80.69,72,99,8.14
55,Chuy,UY,2021-09-20 01:51:47,-33.6971,-53.4616,62.4,98,100,5.84
56,San Cristobal,VE,2021-09-20 01:48:43,7.7669,-72.225,75.38,97,81,2.28
57,Katsuura,JP,2021-09-20 01:51:49,35.1333,140.3,78.84,61,40,18.41
58,Punta Arenas,CL,2021-09-20 01:47:01,-53.15,-70.9167,41.11,70,20,28.77
59,Bafra,TR,2021-09-20 01:51:51,41.5678,35.9069,65.16,84,15,3.56
60,Gizo,SB,2021-09-20 01:51:52,-8.103,156.8419,82.69,72,98,5.75
61,Mar Del Plata,AR,2021-09-20 01:51:53,-38.0023,-57.5575,55.42,100,90,8.05
62,Srednekolymsk,RU,2021-09-20 01:51:54,67.45,153.6833,37.44,37,100,21.41
63,Hobart,AU,2021-09-20 01:51:55,-42.8794,147.3294,54.05,57,40,3.0
64,Bluff,NZ,2021-09-20 01:51:58,-46.6,168.3333,54.27,68,99,16.96
65,Kerewan,GM,2021-09-20 01:51:59,13.4898,-16.0888,73.51,83,100,4.79
66,Ossora,RU,2021-09-20 01:52:00,59.2353,163.0719,51.26,87,89,12.3
67,Jamestown,US,2021-09-20 01:52:01,42.097,-79.2353,64.04,79,1,1.01
68,Mareeba,AU,2021-09-20 01:52:02,-17.0,145.4333,79.45,57,68,7.07
69,Bonthe,SL,2021-09-20 01:52:03,7.5264,-12.505,76.19,88,100,4.45
70,Bredasdorp,ZA,2021-09-20 01:52:04,-34.5322,20.0403,49.32,87,0,4.61
71,Bathsheba,BB,2021-09-20 01:52:05,13.2167,-59.5167,77.61,83,20,1.14
72,Camabatela,AO,2021-09-20 01:52:06,-8.1881,15.375,65.16,71,62,1.77
73,Peabiru,BR,2021-09-20 01:52:07,-23.9128,-52.3431,86.22,52,98,8.25
74,Hirado,JP,2021-09-20 01:52:09,33.3597,129.5531,81.75,73,81,4.85
75,Port Alfred,ZA,2021-09-20 01:52:10,-33.5906,26.891,57.85,88,43,11.45
76,Innisfail,AU,2021-09-20 01:52:11,-17.5333,146.0333,77.41,57,47,11.27
77,Toamasina,MG,2021-09-20 01:52:12,-18.1667,49.3833,66.2,94,75,5.75
78,Meulaboh,ID,2021-09-20 01:52:14,4.1363,96.1285,77.52,83,100,4.41
79,Auki,SB,2021-09-20 01:52:16,-8.7676,160.7034,85.71,63,77,5.46
80,Qaqortoq,GL,2021-09-20 01:52:17,60.7167,-46.0333,36.75,87,44,3.4
81,Novikovo,RU,2021-09-20 01:52:18,51.1537,37.8879,52.39,98,44,6.38
82,Ribeira Grande,PT,2021-09-20 01:52:19,38.5167,-28.7,70.21,66,33,13.15
83,Grand-Santi,GF,2021-09-20 01:52:21,4.25,-54.3833,75.97,84,100,2.84
84,Salaga,GH,2021-09-20 01:52:17,8.5508,-0.5188,74.48,92,80,2.28
85,Bratsk,RU,2021-09-20 01:52:23,56.1325,101.6142,54.09,75,41,4.18
86,Boa Vista,BR,2021-09-20 01:52:24,2.8197,-60.6733,78.78,83,75,3.44
87,Caravelas,BR,2021-09-20 01:52:26,-17.7125,-39.2481,71.1,86,63,5.32
88,Upernavik,GL,2021-09-20 01:52:27,72.7868,-56.1549,24.91,64,97,8.86
89,Vaini,TO,2021-09-20 01:52:28,-21.2,-175.2,77.16,78,40,11.5
90,Bethel,US,2021-09-20 01:52:29,41.3712,-73.414,62.96,86,1,5.75
91,Haines Junction,CA,2021-09-20 01:52:30,60.7522,-137.5108,55.35,41,94,2.3
92,Carnarvon,AU,2021-09-20 01:52:32,-24.8667,113.6333,78.87,14,0,21.85
93,Awjilah,LY,2021-09-20 01:52:33,29.1081,21.2869,81.28,32,0,10.27
94,Mahajanga,MG,2021-09-20 01:52:34,-15.7167,46.3167,73.42,64,40,10.36
95,Port Lincoln,AU,2021-09-20 01:52:35,-34.7333,135.8667,53.42,60,100,23.67
96,Richards Bay,ZA,2021-09-20 01:52:36,-28.783,32.0377,64.98,75,95,14.63
97,Cherskiy,RU,2021-09-20 01:52:37,68.75,161.3,35.44,47,100,10.09
98,Hovd,MN,2021-09-20 01:52:38,48.0056,91.6419,63.28,33,33,7.05
99,Tuatapere,NZ,2021-09-20 01:52:39,-46.1333,167.6833,50.25,77,100,8.95
100,Enterprise,US,2021-09-20 01:52:40,36.0252,-115.2419,90.14,17,1,13.0
101,Brits,ZA,2021-09-20 01:52:41,-25.6347,27.7802,63.52,45,0,3.83
102,Beyneu,KZ,2021-09-20 01:52:42,45.3167,55.2,57.18,39,50,10.83
103,Lavrentiya,RU,2021-09-20 01:52:43,65.5833,-171.0,33.71,60,67,14.05
104,Mahebourg,MU,2021-09-20 01:52:45,-20.4081,57.7,68.29,60,20,6.91
105,Washington,US,2021-09-20 01:51:18,47.5001,-120.5015,61.29,53,9,5.01
106,Rawson,AR,2021-09-20 01:52:46,-43.3002,-65.1023,51.84,53,5,3.18
107,Longyearbyen,SJ,2021-09-20 01:52:47,78.2186,15.6401,39.07,94,100,6.67
108,Saldanha,ZA,2021-09-20 01:52:48,-33.0117,17.9442,57.25,85,97,14.7
109,Mashhad,IR,2021-09-20 01:52:50,36.297,59.6062,62.74,51,0,4.61
110,Oriximina,BR,2021-09-20 01:52:51,-1.7656,-55.8661,77.99,80,89,2.04
111,Lithgow,AU,2021-09-20 01:52:52,-33.4833,150.15,66.87,30,0,18.9
112,Hithadhoo,MV,2021-09-20 01:52:53,-0.6,73.0833,82.83,73,56,6.44
113,Issia,CI,2021-09-20 01:52:54,6.4922,-6.5856,70.66,100,73,2.3
114,Weymouth,US,2021-09-20 01:52:55,42.2209,-70.9398,62.76,89,1,0.0
115,Stonewall,CA,2021-09-20 01:52:56,50.1344,-97.3268,74.88,41,98,8.93
116,Sobolevo,RU,2021-09-20 01:52:57,54.4299,31.8996,42.35,96,100,13.11
117,Lekoni,GA,2021-09-20 01:52:58,-1.5843,14.2591,71.98,84,98,1.41
118,Viedma,AR,2021-09-20 01:53:00,-40.8135,-62.9967,46.9,89,11,7.65
119,Damietta,EG,2021-09-20 01:53:01,31.4165,31.8133,78.69,74,0,7.0
120,Takoradi,GH,2021-09-20 01:53:02,4.8845,-1.7554,74.98,93,100,6.8
121,Erbaa,TR,2021-09-20 01:53:03,40.6689,36.5675,61.97,88,18,1.16
122,Sao Joao Da Barra,BR,2021-09-20 01:53:05,-21.6403,-41.0511,74.52,85,100,5.35
123,Souillac,MU,2021-09-20 01:53:07,-20.5167,57.5167,68.38,60,20,6.91
124,Constitucion,CL,2021-09-20 01:53:08,-35.3333,-72.4167,48.56,85,0,9.46
125,Kapoeta,SS,2021-09-20 01:53:09,4.7717,33.5903,73.74,72,2,2.21
126,Arteaga,MX,2021-09-20 01:53:10,18.4667,-102.4167,64.08,96,41,1.59
127,Pangnirtung,CA,2021-09-20 01:53:12,66.1451,-65.7125,31.06,82,17,8.7
128,Norman Wells,CA,2021-09-20 01:53:13,65.282,-126.8329,48.24,71,75,6.91
129,Hambantota,LK,2021-09-20 01:53:14,6.1241,81.1185,79.14,100,20,3.44
130,Guerrero Negro,MX,2021-09-20 01:53:15,27.9769,-114.0611,69.24,78,0,17.92
131,Esperance,AU,2021-09-20 01:53:16,-33.8667,121.9,55.24,55,13,11.65
132,Cidreira,BR,2021-09-20 01:53:17,-30.1811,-50.2056,66.63,96,100,19.3
133,Hasaki,JP,2021-09-20 01:53:18,35.7333,140.8333,77.4,61,6,16.75
134,La Ronge,CA,2021-09-20 01:53:19,55.1001,-105.2842,52.05,62,20,3.44
135,Srandakan,ID,2021-09-20 01:53:21,-7.9386,110.2506,81.23,71,41,13.24
136,Alice Springs,AU,2021-09-20 01:53:21,-23.7,133.8833,71.15,26,0,12.66
137,Porto Nacional,BR,2021-09-20 01:53:23,-10.7081,-48.4172,82.4,25,5,0.76
138,Abashiri,JP,2021-09-20 01:53:24,44.0213,144.2697,64.69,55,40,10.36
139,Padang,ID,2021-09-20 01:53:26,-0.9492,100.3543,80.65,78,91,2.1
140,Buala,SB,2021-09-20 01:53:27,-8.145,159.5921,82.92,75,99,8.79
141,Tungor,RU,2021-09-20 01:53:28,53.3808,142.9564,54.12,52,18,21.54
142,Kodiak,US,2021-09-20 01:53:29,57.79,-152.4072,48.36,70,100,6.73
143,Bengkulu,ID,2021-09-20 01:53:30,-3.8004,102.2655,78.82,77,57,0.43
144,East London,ZA,2021-09-20 01:53:31,-33.0153,27.9116,60.21,82,18,12.15
145,Dikson,RU,2021-09-20 01:53:32,73.5069,80.5464,35.33,76,100,17.81
146,Celestun,MX,2021-09-20 01:53:33,20.8667,-90.4,81.68,83,25,14.09
147,Sabang,ID,2021-09-20 01:53:34,5.8933,95.3214,80.2,76,100,18.81
148,Malinyi,TZ,2021-09-20 01:53:35,-8.9333,36.1333,76.08,57,100,1.99
149,Shimoda,JP,2021-09-20 01:53:36,34.6667,138.95,77.36,55,0,16.17
150,Bambous Virieux,MU,2021-09-20 01:53:37,-20.3428,57.7575,68.25,60,20,6.91
151,Carmen,MX,2021-09-20 01:53:39,18.6333,-91.8333,82.96,80,47,14.0
152,Minatitlan,MX,2021-09-20 01:53:39,17.9833,-94.5167,77.68,89,97,5.48
153,Balili,PH,2021-09-20 01:53:40,7.895,123.7337,79.11,84,100,1.99
154,Margate,GB,2021-09-20 01:53:41,51.3813,1.3862,61.3,98,100,12.35
155,Quatre Cocos,MU,2021-09-20 01:53:43,-20.2078,57.7625,68.11,62,23,9.69
156,Los Banos,PH,2021-09-20 01:53:44,14.1667,121.1833,83.79,80,100,3.78
157,Mandalgovi,MN,2021-09-20 01:53:45,45.7625,106.2708,54.05,73,15,10.29
158,Mayumba,GA,2021-09-20 01:53:46,-3.432,10.6554,73.67,83,96,3.2
159,Saint-Pierre,RE,2021-09-20 01:53:47,-21.3393,55.4781,64.08,68,20,8.05
160,Petropavlovsk-Kamchatskiy,RU,2021-09-20 01:53:48,53.0452,158.6483,43.39,100,90,20.13
161,Kahului,US,2021-09-20 01:50:49,20.8947,-156.47,86.02,49,40,25.32
162,Nangomba,TZ,2021-09-20 01:53:50,-10.9,38.5,67.95,76,8,3.58
163,Ancud,CL,2021-09-20 01:53:51,-41.8697,-73.8203,46.42,89,32,5.44
164,Zhigansk,RU,2021-09-20 01:53:52,66.7697,123.3711,35.19,66,17,11.61
165,Camacha,PT,2021-09-20 01:53:53,33.0833,-16.3333,68.76,64,40,6.91
166,Carmen Del Parana,PY,2021-09-20 01:53:55,-27.2333,-56.2167,84.33,53,9,5.17
167,Parrita,CR,2021-09-20 01:53:56,9.5201,-84.3225,82.53,89,100,2.21
168,Nome,US,2021-09-20 01:49:21,64.5011,-165.4064,41.16,52,75,18.41
169,Kasongo-Lunda,CD,2021-09-20 01:53:59,-6.4667,16.8167,68.61,79,97,2.33
170,Batemans Bay,AU,2021-09-20 01:54:00,-35.7167,150.1833,69.98,34,37,11.45
171,Chifeng,CN,2021-09-20 01:54:01,42.2683,118.9636,51.42,96,100,11.92
172,Bayir,TR,2021-09-20 01:54:02,37.2687,28.2167,59.52,44,0,1.97
173,Rabo De Peixe,PT,2021-09-20 01:54:03,37.8,-25.5833,67.51,73,75,8.05
174,Nelson Bay,AU,2021-09-20 01:54:04,-32.7167,152.15,77.29,36,0,1.99
175,Gat,IL,2021-09-20 01:50:04,31.61,34.7642,78.4,69,0,4.92
176,Chokurdakh,RU,2021-09-20 01:54:06,70.6333,147.9167,33.12,57,76,10.4
177,Khuzhir,RU,2021-09-20 01:54:07,53.1939,107.3397,54.16,74,6,9.08
178,Dambulla,LK,2021-09-20 01:54:08,7.86,80.6517,78.17,80,86,5.57
179,Inhambane,MZ,2021-09-20 01:54:09,-23.865,35.3833,65.32,73,0,7.74
180,Avarua,CK,2021-09-20 01:54:10,-21.2078,-159.775,78.85,73,20,11.5
181,Plymouth,US,2021-09-20 01:54:11,41.8334,-70.8328,62.87,80,0,3.27
182,Hay River,CA,2021-09-20 01:54:13,60.8156,-115.7999,46.38,87,75,5.75
183,Yen Bai,VN,2021-09-20 01:54:14,21.7,104.8667,78.3,89,100,4.92
184,Sakaiminato,JP,2021-09-20 01:54:15,35.55,133.2333,76.98,69,20,5.75
185,Saint-Georges,GD,2021-09-20 01:54:16,12.0564,-61.7485,80.28,83,20,0.0
186,Acari,PE,2021-09-20 01:54:17,-15.4311,-74.6158,64.24,76,100,4.88
187,Khasan,RU,2021-09-20 01:54:18,42.4308,130.6434,64.31,66,100,10.54
188,Nisia Floresta,BR,2021-09-20 01:54:19,-6.0911,-35.2086,79.18,73,64,10.25
189,Nara,JP,2021-09-20 01:54:20,34.6851,135.8049,79.97,62,13,1.74
190,Kotel,BG,2021-09-20 01:54:21,42.8833,26.45,54.95,66,7,2.06
191,Klaksvik,FO,2021-09-20 01:54:22,62.2266,-6.589,50.92,87,11,17.85
192,Hamilton,US,2021-09-20 01:54:09,39.1834,-84.5333,78.37,75,100,1.5
193,Pundaguitan,PH,2021-09-20 01:54:24,6.3711,126.1689,81.79,73,99,8.23
194,Malakal,SS,2021-09-20 01:54:25,9.5334,31.6605,72.01,92,52,1.66
195,Yatsushiro,JP,2021-09-20 01:54:27,32.5,130.6,82.8,59,0,2.91
196,Butaritari,KI,2021-09-20 01:54:28,3.0707,172.7902,83.32,64,6,11.77
197,Belozerskoye,RU,2021-09-20 01:54:29,55.8214,65.5842,36.86,75,94,13.78
198,Khatanga,RU,2021-09-20 01:54:30,71.9667,102.5,31.91,99,100,13.15
199,Flin Flon,CA,2021-09-20 01:54:31,54.7682,-101.865,53.65,55,74,8.63
200,Georgetown,MY,2021-09-20 01:54:33,5.4112,100.3354,82.33,85,20,4.61
201,Guarapari,BR,2021-09-20 01:54:34,-20.6667,-40.4975,75.09,94,95,2.95
202,Shizilu,CN,2021-09-20 01:54:35,35.1711,118.8289,62.85,95,100,16.33
203,San Patricio,US,2021-09-20 01:54:36,28.017,-97.5169,84.88,66,1,14.16
204,Barrow,US,2021-09-20 01:53:36,71.2906,-156.7887,30.22,86,90,16.11
205,Sterling,US,2021-09-20 01:54:37,39.0062,-77.4286,70.14,91,1,0.0
206,Vila,PT,2021-09-20 01:54:38,42.0304,-8.1588,50.7,86,60,6.29
207,Lamar,US,2021-09-20 01:54:39,33.6668,-95.5836,82.53,73,1,6.91
208,Sola,VU,2021-09-20 01:54:40,-13.8833,167.55,78.71,77,56,24.38
209,Honiara,SB,2021-09-20 01:54:41,-9.4333,159.95,82.96,76,100,9.84
210,Teguldet,RU,2021-09-20 01:54:42,57.3064,88.1667,42.4,77,100,7.7
211,Pevek,RU,2021-09-20 01:54:43,69.7008,170.3133,30.94,70,77,3.67
212,Warri,NG,2021-09-20 01:54:44,5.5167,5.75,75.9,90,99,3.27
213,Aquiraz,BR,2021-09-20 01:54:45,-3.9014,-38.3911,80.69,79,76,11.05
214,Jonava,LT,2021-09-20 01:54:47,55.0833,24.2833,41.11,87,90,10.36
215,Palauig,PH,2021-09-20 01:54:48,15.435,119.9045,83.89,69,100,1.7
216,Neiafu,TO,2021-09-20 01:54:49,-18.65,-173.9833,81.28,69,40,6.91
217,Banfora,BF,2021-09-20 01:54:51,10.6333,-4.7667,73.26,90,5,3.31
218,Tabou,CI,2021-09-20 01:54:52,4.423,-7.3528,77.27,87,14,1.79
219,Turrialba,CR,2021-09-20 01:54:53,9.9047,-83.6835,75.38,97,100,1.86
220,Arraial Do Cabo,BR,2021-09-20 01:54:54,-22.9661,-42.0278,71.8,87,100,12.26
221,Port Augusta,AU,2021-09-20 01:54:55,-32.5,137.7667,60.94,29,42,17.92
222,Yeppoon,AU,2021-09-20 01:53:17,-23.1333,150.7333,82.18,58,0,9.57
223,Ikorodu,NG,2021-09-20 01:54:57,6.6191,3.5041,78.76,86,100,5.23
224,Airai,TL,2021-09-20 01:54:58,-8.9266,125.4092,75.2,36,14,6.33
225,Shipunovo,RU,2021-09-20 01:55:00,52.1582,82.2173,41.5,63,22,16.53
226,Ushumun,RU,2021-09-20 01:55:01,52.7833,126.5333,58.26,51,7,7.47
227,Ulladulla,AU,2021-09-20 01:55:03,-35.35,150.4667,77.88,35,0,12.08
228,Pacific Grove,US,2021-09-20 01:55:12,36.6177,-121.9166,72.0,87,5,8.01
229,Bowen,AU,2021-09-20 01:55:13,-20.0167,148.2333,79.02,58,36,15.05
230,Fershampenuaz,RU,2021-09-20 01:55:14,53.5202,59.8117,29.77,84,99,3.94
231,Ponta Delgada,PT,2021-09-20 01:55:15,37.7333,-25.6667,68.72,73,75,8.05
232,Santa Isabel Do Rio Negro,BR,2021-09-20 01:55:16,-0.4139,-65.0192,74.93,90,47,2.44
233,Milkovo,RU,2021-09-20 01:55:17,54.7167,158.6167,44.38,93,100,6.69
234,Ishigaki,JP,2021-09-20 01:55:18,24.3448,124.1572,86.13,79,40,6.91
235,Were Ilu,ET,2021-09-20 01:55:19,10.6,39.4333,49.66,82,3,4.76
236,Yar-Sale,RU,2021-09-20 01:55:20,66.8333,70.8333,30.74,91,31,19.66
237,Vanimo,PG,2021-09-20 01:55:21,-2.6741,141.3028,82.83,74,71,6.26
238,Faya,SA,2021-09-20 01:55:23,18.3851,42.4509,64.51,24,0,2.73
239,Antofagasta,CL,2021-09-20 01:55:24,-23.65,-70.4,56.48,78,50,7.83
240,Manisa,TR,2021-09-20 01:55:25,38.8333,28.1667,67.71,49,0,3.2
241,Tilichiki,RU,2021-09-20 01:55:26,60.4667,166.1,48.85,84,100,11.52
242,Antalaha,MG,2021-09-20 01:55:27,-14.9003,50.2788,70.56,79,99,10.51
243,Ati,TD,2021-09-20 01:55:29,13.2154,18.3353,80.53,64,42,7.14
244,Provideniya,RU,2021-09-20 01:55:30,64.3833,-173.3,37.51,48,40,15.66
245,Luderitz,NA,2021-09-20 01:55:31,-26.6481,15.1594,52.99,85,32,9.57
246,Karratha,AU,2021-09-20 01:55:31,-20.7377,116.8463,87.57,13,3,23.0
247,Pimenta Bueno,BR,2021-09-20 01:55:32,-11.6725,-61.1936,85.42,39,65,3.83
248,Mitsamiouli,KM,2021-09-20 01:55:34,-11.3847,43.2844,75.78,71,4,5.5
249,Yulara,AU,2021-09-20 01:55:35,-25.2406,130.9889,69.64,23,9,23.02
250,Kidal,ML,2021-09-20 01:55:36,18.4411,1.4078,87.66,16,12,4.18
251,Serenje,ZM,2021-09-20 01:55:38,-13.2325,30.2352,55.74,84,0,3.98
252,Aykhal,RU,2021-09-20 01:55:39,66.0,111.5,33.62,67,100,11.27
253,Comodoro Rivadavia,AR,2021-09-20 01:55:41,-45.8667,-67.5,46.26,49,0,3.44
254,Abonnema,NG,2021-09-20 01:55:43,4.7084,6.7931,76.93,89,92,4.54
255,Belaya Gora,RU,2021-09-20 01:55:44,68.5333,146.4167,33.12,57,100,12.97
256,Cocula,MX,2021-09-20 01:52:39,20.3652,-103.8222,71.35,94,100,2.35
257,Kotelnich,RU,2021-09-20 01:55:46,58.3089,48.348,36.3,67,97,3.65
258,Southbridge,US,2021-09-20 01:55:47,42.0751,-72.0334,59.63,93,0,1.41
259,Ahualulco,MX,2021-09-20 01:55:48,22.4,-101.1667,67.06,63,27,13.35
260,Pedasi,PA,2021-09-20 01:55:49,7.5333,-80.0333,80.17,80,47,4.68
261,Ahipara,NZ,2021-09-20 01:55:50,-35.1667,173.1667,60.75,64,0,7.83
262,Brae,GB,2021-09-20 01:55:51,60.3964,-1.353,53.51,91,3,12.33
263,Necochea,AR,2021-09-20 01:55:52,-38.5473,-58.7368,53.04,90,100,12.48
264,Tura,IN,2021-09-20 01:55:53,25.5198,90.2201,76.08,87,53,4.47
265,Qandala,SO,2021-09-20 01:55:54,11.472,49.8728,87.35,60,33,3.27
266,Troitskoye,RU,2021-09-20 01:55:55,52.9821,84.6757,42.26,70,18,13.98
267,Mouila,GA,2021-09-20 01:55:56,-1.8685,11.0559,74.25,91,97,3.49
268,Kulhudhuffushi,MV,2021-09-20 01:55:58,6.6221,73.07,82.33,77,52,9.91
269,Kirakira,SB,2021-09-20 01:55:59,-10.4544,161.9205,84.06,73,91,14.18
270,Oranjemund,NA,2021-09-20 01:56:00,-28.55,16.4333,57.87,69,100,6.35
271,Okhotsk,RU,2021-09-20 01:56:01,59.3833,143.3,51.13,60,100,8.68
272,Simao,CN,2021-09-20 01:56:02,22.7886,100.9748,64.99,100,100,1.43
273,Progreso,MX,2021-09-20 01:56:03,21.2833,-89.6667,84.11,81,42,12.35
274,Arlit,NE,2021-09-20 01:56:04,18.7369,7.3853,88.92,11,35,8.41
275,Sioux Lookout,CA,2021-09-20 01:56:06,50.1001,-91.917,75.27,69,75,9.22
276,Pitsunda,GE,2021-09-20 01:56:07,43.1592,40.3378,62.78,67,82,9.73
277,Sekoma,BW,2021-09-20 01:56:08,-24.4,23.8833,66.06,38,12,7.78
278,Payo,ID,2021-09-20 01:56:09,-3.7508,103.6372,83.01,68,71,2.44
279,Mega,ET,2021-09-20 01:56:10,4.05,38.3,58.96,61,43,14.65
280,Evensk,RU,2021-09-20 01:56:11,61.95,159.2333,47.84,89,100,11.12
281,Puksoozero,RU,2021-09-20 01:56:12,62.5903,40.6066,36.23,80,100,4.07
282,Vila Franca Do Campo,PT,2021-09-20 01:56:13,37.7167,-25.4333,68.41,79,18,8.19
283,Isangel,VU,2021-09-20 01:56:14,-19.55,169.2667,80.71,57,75,11.5
284,Flinders,AU,2021-09-20 01:55:25,-34.5833,150.8552,78.06,35,0,10.0
285,Lagoa,PT,2021-09-20 01:56:16,39.05,-27.9833,69.28,62,100,10.92
286,Schladming,AT,2021-09-20 01:56:17,47.3929,13.687,52.88,99,100,4.9
287,Miranda,CO,2021-09-20 01:56:18,3.2499,-76.2281,73.53,90,98,4.99
288,Hede,CN,2021-09-20 01:56:19,33.7681,120.2517,69.28,92,100,13.67
289,Mehamn,NO,2021-09-20 01:56:20,71.0357,27.8492,43.52,72,100,15.48
290,Mercedes,AR,2021-09-20 01:55:29,-34.6515,-59.4307,63.84,95,100,8.61
291,Kefamenanu,ID,2021-09-20 01:56:22,-9.4467,124.4781,86.18,39,16,14.05
292,Dawlatabad,AF,2021-09-20 01:56:23,36.4141,64.9053,67.21,26,0,2.28
293,Xining,CN,2021-09-20 01:56:24,36.6167,101.7667,52.66,52,0,2.04
294,Nishihara,JP,2021-09-20 01:56:25,26.1842,127.7558,83.48,70,20,6.91
295,Matara,LK,2021-09-20 01:56:26,5.9485,80.5353,81.3,79,89,6.91
296,Nanortalik,GL,2021-09-20 01:56:27,60.1432,-45.2371,37.06,90,44,9.75
297,Broome,US,2021-09-20 01:56:28,42.2506,-75.833,57.99,66,0,2.01
298,Tanete,ID,2021-09-20 01:56:29,-3.9443,119.7848,72.91,96,100,6.08
299,Mount Gambier,AU,2021-09-20 01:56:31,-37.8333,140.7667,48.11,76,75,26.46
300,Lincoln,US,2021-09-20 01:56:32,40.8,-96.667,81.12,66,20,5.01
301,Dogondoutchi,NE,2021-09-20 01:56:33,13.6393,4.0287,83.43,55,64,7.85
302,Puerto Escondido,MX,2021-09-20 01:56:35,15.85,-97.0667,80.83,81,100,2.37
303,Cabo San Lucas,MX,2021-09-20 01:56:36,22.8909,-109.9124,86.5,76,8,1.99
304,Nizhnyaya Tavda,RU,2021-09-20 01:56:37,57.6731,66.1725,35.89,97,100,12.15
305,Gayny,RU,2021-09-20 01:56:38,60.3071,54.3241,31.41,89,89,6.4
306,Ust-Maya,RU,2021-09-20 01:56:39,60.4167,134.5333,34.77,91,100,6.96
307,Ternate,ID,2021-09-20 01:56:41,0.8,127.4,82.08,76,85,2.1
308,Hobyo,SO,2021-09-20 01:56:42,5.3505,48.5268,76.91,85,26,21.0
309,Alexandria,EG,2021-09-20 01:53:41,31.2156,29.9553,76.96,83,0,5.75
310,Talnakh,RU,2021-09-20 01:55:23,69.4865,88.3972,34.47,77,100,8.63
311,San Policarpo,PH,2021-09-20 01:56:45,12.1791,125.5072,83.88,75,100,7.67
312,Gornyy,RU,2021-09-20 01:56:46,55.1153,83.9059,38.79,78,52,14.65
313,Black Forest,US,2021-09-20 01:56:47,39.0131,-104.7008,75.2,28,1,1.99
314,Banjarmasin,ID,2021-09-20 01:56:48,-3.3244,114.591,84.34,55,38,5.35
315,Caloundra,AU,2021-09-20 01:56:49,-26.8,153.1333,85.35,58,3,15.64
316,Tukrah,LY,2021-09-20 01:56:50,32.5341,20.5791,81.88,38,0,2.68
317,Da Lat,VN,2021-09-20 01:56:51,11.9465,108.4419,71.28,67,95,3.71
318,Anadyr,RU,2021-09-20 01:56:52,64.75,177.4833,36.1,51,0,6.71
319,Egvekinot,RU,2021-09-20 01:56:54,66.3167,-179.1667,28.31,57,0,2.28
320,Nyurba,RU,2021-09-20 01:56:55,63.2842,118.3319,38.16,52,12,1.88
321,Belomorsk,RU,2021-09-20 01:56:56,64.5232,34.7668,36.66,88,7,2.44
322,Mabaruma,GY,2021-09-20 01:56:57,8.2,-59.7833,76.35,85,100,2.93
323,Saint George,US,2021-09-20 01:56:59,37.1041,-113.5841,86.47,18,0,7.4
324,Lorengau,PG,2021-09-20 01:57:00,-2.0226,147.2712,85.84,66,82,7.14
325,Rocha,UY,2021-09-20 01:57:02,-34.4833,-54.3333,61.61,98,100,5.75
326,Salinopolis,BR,2021-09-20 01:57:03,-0.6136,-47.3561,79.43,81,51,10.63
327,Pau,FR,2021-09-20 01:57:04,43.4167,-0.5833,60.01,100,75,3.44
328,High Rock,BS,2021-09-20 01:57:05,26.6208,-78.2833,78.82,72,100,9.55
329,Kiunga,PG,2021-09-20 01:57:06,-6.1219,141.2906,77.88,96,98,1.05
330,Vanavara,RU,2021-09-20 01:57:09,60.34,102.2797,49.1,75,100,5.28
331,Bali Chak,IN,2021-09-20 01:57:10,22.3667,87.55,78.55,89,100,3.44
332,San Rafael,AR,2021-09-20 01:56:16,-34.6177,-68.3301,57.18,33,56,18.37
333,Cajimos,PH,2021-09-20 01:57:11,12.5946,122.2753,81.21,77,100,2.06
334,Caranavi,BO,2021-09-20 01:57:13,-15.8167,-67.55,66.47,87,100,2.64
335,Vanderhoof,CA,2021-09-20 01:57:14,54.0166,-124.0198,51.46,61,95,7.23
336,Aswan,EG,2021-09-20 01:57:15,24.0934,32.907,81.7,22,0,6.91
337,Pisco,PE,2021-09-20 01:57:16,-13.7,-76.2167,61.02,82,40,12.66
338,Sisimiut,GL,2021-09-20 01:57:17,66.9395,-53.6735,32.09,59,69,7.56
339,Kargopol,RU,2021-09-20 01:57:18,61.5071,38.9456,32.32,96,64,5.68
340,Westport,US,2021-09-20 01:57:19,41.1415,-73.3579,67.95,85,0,3.0
341,Kachug,RU,2021-09-20 01:57:21,53.9606,105.8817,59.92,60,8,3.44
342,Ovruch,UA,2021-09-20 01:57:21,51.3246,28.8035,47.21,97,100,9.91
343,Marfino,RU,2021-09-20 01:57:23,55.7028,37.3822,42.75,93,90,15.66
344,El Dorado,US,2021-09-20 01:57:24,38.7666,-120.5177,68.83,54,1,1.01
345,Miri,MY,2021-09-20 01:57:25,4.4148,114.0089,78.94,89,40,2.3
346,Dudinka,RU,2021-09-20 01:57:25,69.4058,86.1778,28.62,86,100,20.42
347,Altay,CN,2021-09-20 01:57:27,47.8667,88.1167,61.21,34,100,10.67
348,Deutschlandsberg,AT,2021-09-20 01:57:28,46.8153,15.2222,51.91,96,100,2.48
349,Bardiyah,LY,2021-09-20 01:57:29,31.7561,25.0865,77.0,76,0,5.99
350,Latung,PH,2021-09-20 01:57:30,5.5,120.8833,83.3,70,100,7.16
351,Bairiki,KI,2021-09-20 01:57:31,1.3292,172.9752,87.8,62,20,8.05
352,Ginir,ET,2021-09-20 01:57:36,7.1333,40.7,61.43,73,100,2.89
353,Sorland,NO,2021-09-20 01:55:50,67.667,12.6934,50.95,77,100,16.13
354,Great Yarmouth,GB,2021-09-20 01:57:37,52.6083,1.7305,61.05,92,100,8.41
355,Varhaug,NO,2021-09-20 01:57:38,58.6147,5.6457,52.9,63,98,15.9
356,Iqaluit,CA,2021-09-20 01:56:15,63.7506,-68.5145,28.13,86,40,8.05
357,Villa Rica,US,2021-09-20 01:56:21,33.7321,-84.9191,73.67,95,100,5.12
358,Kishtwar,IN,2021-09-20 01:57:41,33.3167,75.7667,68.09,83,77,0.65
359,Skibbereen,IE,2021-09-20 01:57:42,51.55,-9.2667,57.0,91,65,10.8
360,Acarau,BR,2021-09-20 01:57:43,-2.8856,-40.12,78.37,78,29,16.17
361,Sacramento,US,2021-09-20 01:53:02,38.4666,-121.3177,79.48,38,1,1.99
362,Umm Kaddadah,SD,2021-09-20 01:57:45,13.6017,26.6876,84.88,50,85,6.02
363,Neryungri,RU,2021-09-20 01:57:47,56.6709,124.6491,45.25,70,100,3.83
364,Pilar,BR,2021-09-20 01:57:16,-9.5972,-35.9567,71.53,94,29,3.65
365,Najran,SA,2021-09-20 01:56:35,17.4924,44.1277,75.85,19,6,3.13
366,Dongsheng,CN,2021-09-20 01:57:49,39.8161,109.9776,64.53,45,49,10.89
367,Trairi,BR,2021-09-20 01:55:41,-3.2778,-39.2689,78.28,78,69,13.18
368,Baykit,RU,2021-09-20 01:55:06,61.67,96.37,44.51,96,100,2.33
369,Dunedin,NZ,2021-09-20 01:57:56,-45.8742,170.5036,57.79,68,50,11.99
370,Anopino,RU,2021-09-20 01:57:57,55.6981,40.6671,38.89,89,100,14.34
371,Laguna,US,2021-09-20 01:55:54,38.421,-121.4238,78.98,38,1,4.0
372,Namibe,AO,2021-09-20 01:57:59,-15.1961,12.1522,60.1,87,12,6.73
373,Nhamunda,BR,2021-09-20 01:58:00,-2.1861,-56.7131,74.52,90,34,0.58
374,Meridian,US,2021-09-20 01:58:01,43.6121,-116.3915,60.85,52,1,1.01
375,Shalya,RU,2021-09-20 01:58:03,57.2471,58.7298,29.03,96,74,6.15
376,Prince Rupert,CA,2021-09-20 01:56:57,54.3161,-130.3201,55.49,82,90,3.44
377,Mumford,GH,2021-09-20 01:58:04,5.2618,-0.759,75.47,93,100,9.06
378,Vardo,NO,2021-09-20 01:58:05,70.3705,31.1107,43.56,74,100,25.93
379,Vuktyl,RU,2021-09-20 01:58:06,63.8567,57.3094,34.43,79,97,11.07
380,Nehe,CN,2021-09-20 01:58:07,48.4833,124.8333,56.43,68,100,5.5
381,Healesville,AU,2021-09-20 01:58:08,-37.65,145.5167,56.59,75,59,1.99
382,Sneek,NL,2021-09-20 01:58:09,53.033,5.6589,55.94,84,77,13.0
383,College,US,2021-09-20 01:56:41,64.8569,-147.8028,50.58,63,20,2.3
384,The Valley,AI,2021-09-20 01:58:11,18.217,-63.0578,80.46,79,1,13.94
385,Moses Lake,US,2021-09-20 01:58:12,47.1301,-119.2781,63.61,38,34,13.24
386,Narathiwat,TH,2021-09-20 01:58:13,6.3333,101.75,85.86,85,99,4.74
387,Kalmunai,LK,2021-09-20 01:58:14,7.4167,81.8167,82.27,77,30,4.14
388,Samarai,PG,2021-09-20 01:58:16,-10.6167,150.6667,79.38,87,100,15.57
389,Kalmar,SE,2021-09-20 01:58:17,56.6616,16.3616,40.93,93,20,5.75
390,Wadi Maliz,TN,2021-09-20 01:58:18,36.4681,8.5495,73.06,84,0,2.24
391,Berdigestyakh,RU,2021-09-20 01:58:20,62.0989,126.6992,36.48,73,100,8.39
392,Beloha,MG,2021-09-20 01:56:55,-25.1667,45.05,59.22,77,0,9.28
393,Ihosy,MG,2021-09-20 01:58:21,-22.4,46.1167,53.19,93,36,8.84
394,Husavik,IS,2021-09-20 01:56:26,66.0449,-17.3389,42.71,78,100,8.21
395,Sao Filipe,CV,2021-09-20 01:58:23,14.8961,-24.4956,79.75,83,100,11.16
396,Kuusamo,FI,2021-09-20 01:58:24,65.9667,29.1833,35.64,93,40,4.61
397,Emerald,AU,2021-09-20 01:58:25,-23.5333,148.1667,78.94,41,0,6.91
398,Los Llanos De Aridane,ES,2021-09-20 01:57:40,28.6585,-17.9182,69.55,83,20,6.91
399,Changli,CN,2021-09-20 01:58:27,39.7042,119.1506,65.64,97,100,22.62
400,Shakhovskaya,RU,2021-09-20 01:58:28,56.0283,35.5097,38.23,95,100,17.87
401,Mala,PE,2021-09-20 01:58:29,-12.6581,-76.6308,60.58,84,40,7.45
402,Boguchany,RU,2021-09-20 01:58:30,58.3814,97.4531,53.33,85,100,1.7
403,Adre,TD,2021-09-20 01:58:31,13.4667,22.2,77.09,61,72,4.0
404,Olinda,BR,2021-09-20 01:58:18,-8.0089,-34.8553,76.73,65,40,6.91
405,Leningradskiy,RU,2021-09-20 01:58:34,69.3833,178.4167,29.1,82,98,18.97
406,Solvychegodsk,RU,2021-09-20 01:58:36,61.3305,46.9156,36.54,80,99,3.94
407,Vincennes,FR,2021-09-20 01:58:37,48.85,2.4333,58.32,94,90,3.44
408,Tecoanapa,MX,2021-09-20 01:58:38,16.5167,-98.75,81.09,79,100,2.28
409,Mayor Pablo Lagerenza,PY,2021-09-20 01:58:39,-19.9309,-60.7718,92.91,22,2,12.37
410,Pedernales,DO,2021-09-20 01:58:40,18.0384,-71.744,81.27,75,5,6.71
411,Camiri,BO,2021-09-20 01:58:41,-20.05,-63.5167,83.64,38,4,14.18
412,Kitgum,UG,2021-09-20 01:58:43,3.2783,32.8867,64.85,94,12,2.17
413,Rovaniemi,FI,2021-09-20 01:58:44,66.5,25.7167,40.41,81,90,6.91
414,Prosperous,IE,2021-09-20 01:58:45,53.2903,-6.7539,51.98,92,3,1.99
415,Santa Flavia,IT,2021-09-20 01:58:46,38.085,13.5351,75.63,70,4,5.01
416,Axim,GH,2021-09-20 01:58:47,4.8699,-2.2405,74.93,93,100,5.61
417,West Monroe,US,2021-09-20 01:58:48,32.5185,-92.1476,75.92,87,98,1.39
418,Radcliff,US,2021-09-20 01:58:49,37.8404,-85.9491,73.06,95,20,3.44
419,Miraflores,MX,2021-09-20 01:58:51,19.2167,-98.8083,56.05,93,99,1.45
420,Muyezerskiy,RU,2021-09-20 01:58:52,63.9333,31.65,33.4,93,37,4.81
421,Tefe,BR,2021-09-20 01:58:53,-3.3542,-64.7114,78.12,77,54,0.67
422,Faanui,PF,2021-09-20 01:58:54,-16.4833,-151.75,78.78,73,62,18.81
423,Mangrol,IN,2021-09-20 01:58:57,21.1167,70.1167,80.53,86,20,4.94
424,Churapcha,RU,2021-09-20 01:58:58,62.0025,132.4325,33.76,100,100,8.03
425,Luganville,VU,2021-09-20 01:58:59,-15.5333,167.1667,79.0,74,82,13.69
426,Saint-Joseph,RE,2021-09-20 01:57:43,-21.3667,55.6167,62.98,77,32,10.96
427,Bongor,TD,2021-09-20 01:59:00,10.2806,15.3722,74.26,84,100,6.22
428,Nantucket,US,2021-09-20 01:57:07,41.2835,-70.0995,64.09,78,0,14.05
429,Carlisle,US,2021-09-20 01:59:04,40.2015,-77.1889,65.17,78,1,2.17
430,Dwarka,IN,2021-09-20 01:59:05,22.2394,68.9678,81.79,82,9,12.01
431,Krasnoselkup,RU,2021-09-20 01:59:06,65.7,82.4667,38.25,92,100,8.1
432,Merauke,ID,2021-09-20 01:59:07,-8.4667,140.3333,81.5,76,99,11.21
433,Boffa,GN,2021-09-20 01:59:08,10.1667,-14.0333,74.07,94,94,3.78
434,Agropoli,IT,2021-09-20 01:59:09,40.3469,14.9966,73.29,85,4,1.21
435,Mondragone,IT,2021-09-20 01:59:10,41.1141,13.8935,74.93,70,29,11.34
436,San Bartolome De Tirajana,ES,2021-09-20 01:59:11,27.9248,-15.5733,63.07,73,20,14.97
437,Shingu,JP,2021-09-20 01:58:21,33.7333,135.9833,80.91,70,37,6.67
438,Nelson,NZ,2021-09-20 01:59:13,-41.2833,173.2833,63.28,67,97,4.0
439,Benghazi,LY,2021-09-20 01:59:14,32.1167,20.0667,83.17,39,0,5.5
440,Lake City,US,2021-09-20 01:55:44,30.1897,-82.6393,75.24,100,90,0.0
441,Luhyny,UA,2021-09-20 01:59:16,51.082,28.4006,45.84,97,100,12.41
442,Conakry,GN,2021-09-20 01:59:17,9.538,-13.6773,78.19,83,99,4.92
443,Along,IN,2021-09-20 01:59:18,28.1667,94.7667,77.29,91,52,0.49
444,Xihe,CN,2021-09-20 01:59:20,31.6864,113.4659,74.61,71,79,6.98
445,Kruisfontein,ZA,2021-09-20 01:59:21,-34.0033,24.7314,51.37,89,0,7.02
446,Bandarbeyla,SO,2021-09-20 01:59:22,9.4942,50.8122,77.85,78,100,21.52
447,Atar,MR,2021-09-20 01:59:23,20.5169,-13.0499,86.11,38,9,11.88
448,Torbay,CA,2021-09-20 01:58:31,47.6666,-52.7314,54.75,97,90,20.71
449,River Falls,US,2021-09-20 01:57:18,44.8614,-92.6238,82.49,65,100,16.58
450,Tshane,BW,2021-09-20 01:59:25,-24.0196,21.8684,61.77,21,6,10.13
451,Sitka,US,2021-09-20 01:55:45,57.0531,-135.33,55.17,75,27,3.87
452,Nushki,PK,2021-09-20 01:59:27,29.5542,66.0215,73.42,12,0,2.82
453,San,ML,2021-09-20 01:57:55,13.3034,-4.8956,79.93,69,75,7.92
454,Lompoc,US,2021-09-20 01:59:29,34.6391,-120.4579,73.11,80,0,7.0
455,Diamantino,BR,2021-09-20 01:59:31,-14.4086,-56.4461,79.99,26,0,4.76
456,Landeck,AT,2021-09-20 01:59:32,47.1301,10.5636,46.45,98,100,2.13
457,Morondava,MG,2021-09-20 01:59:33,-20.2833,44.2833,65.08,79,7,8.57
458,Weihe,CN,2021-09-20 01:59:34,32.9952,105.3247,68.65,56,0,2.3
459,Whitehills,GB,2021-09-20 01:59:35,57.6667,-2.5833,54.43,84,0,5.12
460,Lembeni,TZ,2021-09-20 01:59:36,-3.7833,37.6167,62.62,89,35,3.71
461,Iquitos,PE,2021-09-20 01:59:37,-3.7481,-73.2472,78.84,83,40,5.75
462,Sur,OM,2021-09-20 01:59:40,22.5667,59.5289,81.05,74,1,7.25
463,Ust-Kuyga,RU,2021-09-20 01:59:41,70.0167,135.6,36.55,42,28,3.27
464,Pavlogradka,RU,2021-09-20 01:59:42,54.2024,73.5592,36.43,93,100,13.31
465,La Asuncion,VE,2021-09-20 01:59:44,11.0333,-63.8628,79.29,80,15,6.76
466,Urubicha,BO,2021-09-20 01:59:45,-15.3833,-62.95,81.27,47,100,2.8
467,Natal,BR,2021-09-20 01:59:46,-5.795,-35.2094,79.02,73,20,11.5
468,Paragominas,BR,2021-09-20 01:59:47,-2.9667,-47.4833,72.61,86,85,3.22
469,Ranong,TH,2021-09-20 01:57:39,9.9658,98.6348,76.93,74,99,4.16
470,Kiruna,SE,2021-09-20 01:59:49,67.8557,20.2251,38.32,81,90,11.5
471,Lata,PT,2021-09-20 01:57:08,40.1629,-8.3327,61.21,96,35,2.42
472,Ngong,KE,2021-09-20 01:59:51,-1.3618,36.6566,56.79,77,0,4.61
473,Tucupita,VE,2021-09-20 01:59:52,9.0622,-62.051,75.31,92,81,4.09
474,Avera,US,2021-09-20 01:59:53,33.194,-82.5271,76.68,78,100,6.08
475,Nador,MA,2021-09-20 01:59:55,35.174,-2.9287,70.05,83,40,3.44
476,Alekseyevsk,RU,2021-09-20 01:59:56,57.8406,108.3492,56.03,68,97,2.33
477,Manta,EC,2021-09-20 01:59:57,-0.95,-80.7333,71.65,85,93,13.49
478,Ballina,AU,2021-09-20 01:59:58,-28.8667,153.5667,85.78,52,15,14.97
479,Makakilo City,US,2021-09-20 01:59:59,21.3469,-158.0858,82.62,66,26,17.69
480,Hirara,JP,2021-09-20 01:57:32,24.8,125.2833,86.27,79,40,2.3
481,Tongliao,CN,2021-09-20 02:00:01,43.6125,122.2653,57.34,78,100,9.42
482,Hofn,IS,2021-09-20 02:00:07,64.2539,-15.2082,50.56,97,100,21.63
483,General Roca,AR,2021-09-20 02:00:10,-39.0333,-67.5833,55.38,27,0,10.74
484,Tateyama,JP,2021-09-20 01:59:12,34.9833,139.8667,77.27,57,1,15.3
485,Galle,LK,2021-09-20 02:00:13,6.0367,80.217,81.3,80,63,6.55
486,Searcy,US,2021-09-20 02:00:15,35.2506,-91.7363,78.08,95,44,4.43
487,Pula,HR,2021-09-20 02:00:16,44.8683,13.8481,64.96,88,75,9.22
488,Vila Velha,BR,2021-09-20 02:00:17,-20.3297,-40.2925,74.34,85,84,2.21
489,Port Blair,IN,2021-09-20 01:56:14,11.6667,92.75,82.8,77,100,4.21
490,Namwala,ZM,2021-09-20 02:00:19,-15.7504,26.4384,66.56,52,0,5.26
491,Nenjiang,CN,2021-09-20 02:00:20,49.1833,125.2167,56.35,71,71,7.9
492,Aksarka,RU,2021-09-20 02:00:22,66.5606,67.7975,33.08,87,100,19.73
493,Guangyuan,CN,2021-09-20 02:00:23,32.442,105.823,72.86,60,0,3.2
494,Mamakan,RU,2021-09-20 02:00:24,57.8161,114.0028,53.96,63,99,1.63
495,Baijiantan,CN,2021-09-20 02:00:25,45.6333,85.1833,73.63,18,66,30.42
496,Champerico,GT,2021-09-20 02:00:27,14.3,-91.9167,83.35,79,100,2.48
497,Marystown,CA,2021-09-20 02:00:28,47.1666,-55.1483,53.6,87,100,27.38
498,Humaita,BR,2021-09-20 02:00:29,-7.5061,-63.0208,75.54,84,31,1.01
499,Port Elizabeth,ZA,2021-09-20 01:56:26,-33.918,25.5701,56.53,87,2,8.99
500,Waddan,LY,2021-09-20 02:00:31,29.1614,16.139,80.89,26,0,7.58
501,Suez,EG,2021-09-20 02:00:32,29.9737,32.5263,72.45,71,0,9.66
502,Yambio,SS,2021-09-20 02:00:34,4.5721,28.3955,66.94,98,51,2.21
503,Bela,IN,2021-09-20 02:00:35,25.9333,81.9833,82.49,74,3,0.94
504,North Branch,US,2021-09-20 02:00:36,45.5113,-92.9802,82.47,67,59,15.66
505,Cobadin,RO,2021-09-20 02:00:38,44.0833,28.2167,59.38,54,0,2.3
506,Sao Jose Da Coroa Grande,BR,2021-09-20 01:56:43,-8.8978,-35.1478,74.53,79,76,7.52
507,Malaya Serdoba,RU,2021-09-20 02:00:42,52.4661,44.9512,48.38,40,100,17.6
508,Asau,RO,2021-09-20 02:00:44,46.4333,26.4,49.95,97,8,2.33
509,Yaan,NG,2021-09-20 02:00:45,7.3833,8.5667,72.59,97,78,5.32
510,Xai-Xai,MZ,2021-09-20 02:00:46,-25.0519,33.6442,61.05,72,0,10.76
511,Galeana,MX,2021-09-20 02:00:48,24.8333,-100.0667,68.31,72,17,2.24
512,Asyut,EG,2021-09-20 02:00:49,27.181,31.1837,80.15,31,0,6.78
513,Omboue,GA,2021-09-20 02:00:50,-1.5746,9.2618,74.93,85,100,4.36
514,Gerash,IR,2021-09-20 02:00:52,27.6652,54.1371,78.51,41,0,0.78
515,Enid,US,2021-09-20 01:58:32,36.3956,-97.8784,84.31,49,1,8.01
516,San Juan Del Cesar,CO,2021-09-20 02:00:54,10.7711,-73.0031,73.35,95,99,3.65
517,Naze,JP,2021-09-20 02:00:55,28.3667,129.4833,78.93,65,7,3.76
518,Araouane,ML,2021-09-20 02:00:56,18.9048,-3.5265,93.88,15,0,8.79
519,Talaya,RU,2021-09-20 02:00:58,61.3833,152.75,40.77,96,100,4.32
520,Kerema,PG,2021-09-20 02:01:00,-7.9631,145.7785,82.26,75,99,7.54
521,Urucui,BR,2021-09-20 02:01:01,-7.2294,-44.5561,78.96,40,12,1.12
522,Chebsara,RU,2021-09-20 02:01:03,59.2002,38.8356,32.97,81,100,10.33
523,Tarko-Sale,RU,2021-09-20 02:01:05,64.9225,77.785,37.81,96,100,14.34
524,Amalapuram,IN,2021-09-20 02:01:06,16.5833,82.0167,80.98,80,97,2.98
525,Kumluca,TR,2021-09-20 02:01:08,36.3703,30.2869,81.14,48,0,4.54
526,Phangnga,TH,2021-09-20 02:01:09,8.4509,98.5298,77.04,87,100,2.84
527,Telde,ES,2021-09-20 02:01:10,27.9924,-15.4192,71.82,72,20,5.01
528,Kirkland Lake,CA,2021-09-20 01:59:17,48.1446,-80.0377,62.89,59,10,8.46
529,Capao Da Canoa,BR,2021-09-20 02:01:12,-29.7456,-50.0097,66.69,98,100,11.88
530,Vilhena,BR,2021-09-20 02:01:13,-12.7406,-60.1458,75.63,39,0,4.61
531,Barnstaple,GB,2021-09-20 02:01:14,51.0802,-4.0581,56.98,92,0,3.87
532,Elko,US,2021-09-20 02:01:15,41.0002,-115.5012,53.74,38,66,14.0
533,Dhidhdhoo,MV,2021-09-20 02:01:17,6.8833,73.1,82.31,77,84,9.48
534,Ramshir,IR,2021-09-20 02:01:19,30.8946,49.4092,85.6,15,0,11.27
535,Inuvik,CA,2021-09-20 01:58:30,68.3499,-133.7218,47.26,42,20,4.61
536,Vangaindrano,MG,2021-09-20 01:57:44,-23.35,47.6,62.29,89,80,1.79
537,Puerto Penasco,MX,2021-09-20 02:01:22,31.3167,-113.5333,85.98,77,20,5.99
538,Gien,FR,2021-09-20 02:01:23,47.6933,2.6309,57.29,98,100,8.01
539,Kholmogory,RU,2021-09-20 02:01:24,64.2229,41.656,37.51,72,100,3.29
540,Fortuna,US,2021-09-20 02:01:25,40.5982,-124.1573,66.47,67,1,12.66
541,Raudeberg,NO,2021-09-20 02:01:26,61.9875,5.1352,54.19,89,100,5.99
542,Utica,US,2021-09-20 02:01:27,43.1009,-75.2327,58.91,89,0,1.07
543,La Primavera,CO,2021-09-20 02:01:28,5.4906,-70.4092,78.66,79,39,0.51
544,Whyalla,AU,2021-09-20 02:01:29,-33.0333,137.5833,59.68,41,27,23.2
